,5HT1a,5HT1b,5HT2a,5HT4,5HT6,5HTT,A4B2,CB1,D1,D2,DAT,GABAa,H3,M1,mGluR5,MU,NAT,NMDA,VAChT
0,49.35834488102996,-2.7917138335983145,20.97953987121582,1.0056486129760742,0.2399391531944275,2.9745497703552246,9.270357131958008,1.2807539701461792,14.82700070424471,0.5950932140600611,32.283391520987806,463.6740417480469,15.15303897857666,2.78053879737854,-0.9855246483848658,15.505914763640718,-0.05492280423641205,5.976345142585811,-0.22207161318141122
1,24.45590405923086,-0.6725382210584355,26.802993774414062,0.9934954643249512,0.34858113527297974,2.3940093517303467,9.77888298034668,1.2757246494293213,13.186351658766444,-0.6247057587231023,28.68049541124552,688.3909301757812,15.500570297241211,2.933840751647949,-1.3808212820361254,6.578233350797386,0.003976357169449329,6.9213570497385595,-0.7742542207066327
2,25.47428463447356,-0.7317446946156628,25.49554443359375,0.9336608648300171,0.2754589319229126,2.7195730209350586,9.216269493103027,1.1916289329528809,17.11860370117665,-0.7254221618364383,29.26712525708581,668.59375,14.359957695007324,2.6899962425231934,-0.9763301756166395,7.8591556079468825,-0.037303149700164795,7.081444837538673,-0.6680257898311632
3,12.776684375823764,-0.6569400724790857,24.07273292541504,0.7773000597953796,0.28350865840911865,1.978472113609314,8.577530860900879,1.2246215343475342,4.624447028160075,-0.9429988866090175,21.816989724179532,585.6454467773438,14.44918441772461,3.5807247161865234,-2.138223166792192,1.5784085856086791,-0.007691304665058851,5.2177890752347205,-1.5644728455300638
4,15.111810810711674,1.8265400617185363,30.06436538696289,0.7527410984039307,0.3422783315181732,2.9454617500305176,7.651576042175293,1.123110294342041,11.65184228005149,-1.6517142670431975,26.64735860618756,782.5947265625,14.837170600891113,3.58992338180542,-1.5340306853067391,-0.009000000427477062,-0.0406176783144474,6.651558627404085,-1.6594415886393008
5,19.614929940830073,2.1013551598031217,27.561796188354492,0.8557238578796387,0.4294957220554352,3.379638433456421,8.95866584777832,1.0954773426055908,17.257566037081666,-1.0256963825126544,29.56695825200416,723.1619262695312,15.184344291687012,3.953671932220459,-0.37686374898030367,3.3401941385838114,0.007052797358483076,7.096838458056703,-0.42992342646428483
6,29.14710395656474,-0.07821903341403344,29.57899284362793,1.2208192348480225,0.4596002697944641,2.3492815494537354,9.575695037841797,1.285900354385376,9.983831301274188,0.20422825112558673,24.39996722945593,592.927978515625,14.917438507080078,3.8906586170196533,0.4291789496099106,16.165042121181724,0.012787897139787674,6.149626910419735,-0.21884901628632214
7,17.619324821337987,-0.13774980940737147,23.44586944580078,0.9190244078636169,0.35066571831703186,1.9511879682540894,9.313529014587402,1.2597739696502686,7.240720124135516,-0.530887231504495,22.320080362396798,557.53857421875,14.378915786743164,3.894188642501831,-0.9233276495029988,6.465035105607474,0.03204689919948578,5.812612869474191,-0.8462455716575408
8,21.300197613478968,0.18475280767351696,23.325592041015625,0.8321683406829834,0.43677154183387756,2.58286452293396,8.925637245178223,1.170920729637146,11.503586753287577,-0.8246374237170049,25.339264788971427,630.4164428710938,14.995043754577637,3.95855450630188,-0.11013895715247535,4.008771350281021,0.039157237857580185,6.559053341972665,-0.9679284879344491
9,31.917816438143873,-0.07271659853151605,28.827869415283203,1.1749719381332397,0.4740789830684662,3.0230319499969482,9.810325622558594,1.319287657737732,12.201601016226146,0.5099626475979148,27.979655582311374,557.8385620117188,18.59783935546875,3.82468843460083,0.8558874487339913,17.150579417228858,0.07810676842927933,6.628250427625572,1.4173078750408463
10,27.79397965513291,-1.2426789687114705,22.686870574951172,0.9454420208930969,0.37205246090888977,4.163092613220215,10.417485237121582,1.146064281463623,16.71184746043679,0.48185991083751495,33.3016119257609,517.1903686523438,15.173770904541016,2.9529547691345215,0.40407189670147314,20.757360985921697,0.029470130801200867,7.1993920941124045,2.655091224324053
11,34.414489400409174,0.9542920848439266,25.008203506469727,1.0987550020217896,0.5179685354232788,2.4266154766082764,10.158088684082031,1.4185270071029663,12.661693610516688,0.500927053795001,27.78282872231898,503.4969482421875,19.274959564208984,4.119617462158203,1.9598483551123576,24.80420482555287,0.13092871010303497,6.510448932237909,1.3505952984115666
12,20.639836514060384,0.7423814594387446,18.90122413635254,0.7126785516738892,0.36597099900245667,1.8329933881759644,10.834651947021484,1.329201340675354,6.154975752468347,-0.4764675828434787,24.399617891370152,490.7129821777344,17.313716888427734,3.5675699710845947,-0.56158629935714,14.0708012818241,0.16117797791957855,5.933455463446409,1.113738453923971
13,14.729199487683404,-0.8277804970204944,14.900577545166016,0.5508238077163696,0.24921227991580963,1.6669681072235107,9.699812889099121,1.244594693183899,4.54853265879179,-0.9543410938540949,20.571049377208446,441.6546630859375,14.882745742797852,3.0760066509246826,-1.7882876120559614,9.176384023641091,0.0950281172990799,5.674328762565503,0.2192393324740811
14,19.252318173682827,-0.7766888093210478,16.247726440429688,0.61871737241745,0.28714069724082947,2.049558639526367,9.646742820739746,1.2399121522903442,7.497947873863893,-1.0562679317972699,23.051224498884054,451.0596618652344,18.13206672668457,3.3123655319213867,-1.2010255723553789,15.20202199865301,0.17325472831726074,6.063992076270878,0.8703991086398781
15,36.446668747822514,-0.7858746160070561,31.95899200439453,1.382486343383789,0.4647125005722046,2.2357728481292725,9.590925216674805,1.3233805894851685,13.437645337394276,0.915706512054611,27.776240501841023,580.1549682617188,15.232986450195312,3.6614573001861572,0.018852916205026,20.490793236870722,0.006105259992182255,6.579257902929382,-0.4773361871032329
16,24.079116076071415,0.11437268481297433,22.278318405151367,0.9825456738471985,0.3486452102661133,1.7736034393310547,10.02298641204834,1.4111299514770508,7.085628795047317,0.10397078797206873,21.43267409886296,513.4835205078125,15.709990501403809,3.7717113494873047,0.06078014240698148,19.779728212213907,0.04770873859524727,5.462449362982534,-0.18414163874459202
17,19.41172114554085,-0.5974059865214426,19.307811737060547,0.8198553919792175,0.34578683972358704,1.3004655838012695,9.447175979614258,1.263114333152771,7.729103882737718,-0.49545031906311043,20.27762870118022,483.0068664550781,14.764430046081543,3.6450750827789307,-0.7076663410417448,13.075147105411133,-0.008459510281682014,5.704048320710501,-0.9360469448460422
18,26.180168099450682,-0.39664387401847484,14.326837539672852,0.6326921582221985,0.3884134292602539,1.331261157989502,9.845406532287598,1.2665529251098633,10.477646067281713,-0.08195594533826409,24.981870928897134,458.5269470214844,14.883211135864258,3.6355578899383545,-0.5396826918214092,19.235811040234232,0.04020809009671211,6.408388270196731,-0.4501582546090238
19,25.727964274834765,-0.9296733166946163,23.022274017333984,0.9910053014755249,0.38408273458480835,1.597165584564209,9.251246452331543,1.2998586893081665,10.971808213440594,-0.43735116782794414,22.264306337405475,481.77301025390625,16.974109649658203,3.931938648223877,0.31204187080107465,18.947381241832616,0.014354085549712181,6.542287413748533,-0.5328210145898539
20,17.99856465148343,-1.357910780984236,18.811025619506836,0.8072708249092102,0.27797842025756836,1.5263433456420898,9.043966293334961,1.2608318328857422,5.008731272384717,-0.6608879371286108,17.564421831328293,426.68475341796875,14.978137969970703,3.4958035945892334,-1.1545283703673677,15.062362784389325,-0.011817227117717266,5.684022647787457,-0.976366974820648
21,27.32203420192753,1.169192777313736,25.232749938964844,0.9449658393859863,0.4476953446865082,1.8311195373535156,10.90449333190918,1.2890970706939697,10.488467356965069,-0.5062730513384909,26.43396832139073,523.1137084960938,17.265470504760742,3.350205183029175,0.35251759891733647,24.60189454028516,0.050433140248060226,6.357770727431183,0.4198170548741555
22,23.017171566141414,0.25599779410209933,23.52857780456543,0.8260268568992615,0.3715679347515106,1.5538419485092163,10.605203628540039,1.244248628616333,8.472875161592173,-0.8703049657843088,22.99703045663117,504.81591796875,17.788747787475586,3.032708168029785,-0.6691525235618018,22.26798757019669,0.03518606722354889,6.241889723816511,-0.03551228117583617
23,26.822672367348964,0.408819172400158,25.36448860168457,1.1260100603103638,0.4035448729991913,1.7396039962768555,9.871549606323242,1.4220515489578247,8.735310862666177,0.3951739989556505,22.90563361893839,478.79937744140625,16.188316345214844,3.8945188522338867,1.0653055836790346,23.11148169475135,0.023226885125041008,5.74475045187273,-0.09691815019177064
24,48.34950229424153,-0.7534842577800671,25.618303298950195,1.2912518978118896,0.5559000968933105,4.96733283996582,9.251291275024414,1.4674911499023438,18.383773743844817,3.5710643509845,33.256881352854826,506.0166015625,23.095169067382812,4.094986438751221,0.44347711131762435,29.302644924923914,0.009717854671180248,6.783786789788891,2.5186947908576376
25,36.95370291156474,0.6270554580132213,26.62074089050293,1.0996427536010742,0.5897420048713684,2.9927241802215576,10.529949188232422,1.3612796068191528,17.866575228782036,2.1336301850526525,34.658993831350784,507.2888488769531,20.646713256835938,3.7665252685546875,1.8433510633673904,32.205951942923704,0.010959013365209103,7.478168003150504,2.1364779099119775
26,29.9960616521442,1.3700476678016607,27.111661911010742,1.0581694841384888,0.48378002643585205,1.9632558822631836,11.04920482635498,1.4302935600280762,10.642500505491626,-0.1451150278749974,22.724145158544765,548.9462890625,18.46855926513672,3.9168078899383545,0.6067848342779568,27.873546778467823,0.01464779768139124,5.928815221240698,-0.27276486813212353
27,29.896778935498524,0.8009370114819891,21.731884002685547,0.8609848022460938,0.43569743633270264,2.2717959880828857,10.664209365844727,1.3936959505081177,16.67549488653166,0.1812412044194601,30.057242198253242,433.07293701171875,24.451330184936523,3.5921175479888916,1.1200756011604902,32.755891319600806,0.053351521492004395,6.532656836130331,1.7783723153107398
28,25.9423669448515,-0.41908731459293525,19.2760066986084,0.8193364143371582,0.4301111698150635,2.052605152130127,10.418197631835938,1.3234753608703613,14.989712833185243,-0.41453646458256954,29.997402923275725,433.2936706542969,19.221960067749023,3.6803781986236572,0.7338883234898993,23.38942535336228,0.08628282696008682,6.765709839028776,1.2541623603470482
29,24.772965464919857,0.2232621240062498,27.444005966186523,0.9630133509635925,0.3724251687526703,1.9509996175765991,10.32536506652832,1.2868386507034302,9.251010373174228,-0.6309977801424675,22.439740604122743,496.0135803222656,22.491771697998047,3.531186580657959,-0.37358741908486337,24.474504473734807,0.0694151297211647,6.220966681423437,0.2527293352754016
30,33.90678569191025,-0.10053383147249298,29.00890350341797,1.1604214906692505,0.35410770773887634,2.8872082233428955,9.547653198242188,1.3830180168151855,19.567485726702955,0.6064850445048012,30.514295007731462,483.9487609863281,19.961820602416992,3.677335023880005,0.10796861253359559,31.679217720898247,-0.06195608898997307,6.8480160546181645,0.7217833951887037
31,46.020424165586476,-2.4507302542144087,30.302841186523438,1.615657091140747,0.2866160273551941,4.797924518585205,7.723850250244141,1.3876367807388306,13.051343514299266,1.888026431123405,29.76718784715237,398.50164794921875,15.0271635055542,3.498833179473877,-1.0552256563922637,26.39870138424907,-0.14442606270313263,6.465471139027097,-0.4581286326617501
32,39.514895283094084,-0.6819606338193367,36.24210739135742,1.5896953344345093,0.502044677734375,2.1408731937408447,9.38734245300293,1.357785940170288,12.948715458780953,1.9979607465881288,27.075978934764862,531.2799072265625,14.618755340576172,3.9399430751800537,-0.032696528325430206,25.30202659240672,-0.014718443155288696,6.404282069921653,-0.4882385416632851
33,24.899339342928467,-0.039899080435602155,24.11100959777832,0.9839275479316711,0.41142386198043823,1.4024814367294312,9.946609497070312,1.2904226779937744,10.855800008008595,-0.11438659904031911,23.063292556607784,515.1021118164062,15.439830780029297,3.768796443939209,-0.18580680149831066,18.720759772437063,0.010004677809774876,6.347855402848192,-0.7699114358608754
34,27.364474833649087,1.6842714626704502,23.21116065979004,0.8949505090713501,0.5023404955863953,1.797251582145691,11.189705848693848,1.3903231620788574,11.83002853392415,-0.24995660478288476,25.067798774559183,497.8417663574219,17.639284133911133,3.773948907852173,0.6137130560367867,26.14416732569734,0.05879025161266327,6.165315195687347,0.0567432631753909
35,23.68626091540199,0.08128723501299558,23.000822067260742,0.9512962698936462,0.46582168340682983,1.7949097156524658,9.634367942810059,1.2494986057281494,12.320512633385691,-0.49623105664818823,25.2928578595081,578.4725952148438,17.01883888244629,4.039239406585693,0.5155108333794299,12.029759607527472,0.04670340567827225,6.752074454716253,-0.5202462655624797
36,27.53940703173714,-0.6579329876715779,22.280593872070312,0.872785747051239,0.32952892780303955,2.450050115585327,9.98927116394043,1.2092748880386353,16.889900802227203,-0.8036209468220493,30.72085483074188,512.6436157226562,16.76639747619629,3.166720390319824,0.2709409690118253,20.64530723059943,-0.0022996370680630207,6.534557408510824,1.6421976629724697
37,39.78477425058281,-0.9791868126035681,32.274784088134766,1.4958274364471436,0.5537137985229492,2.4193274974823,9.19200325012207,1.425315499305725,14.204641576455575,2.2137022735950453,27.15078801386982,501.1253967285156,15.859566688537598,3.999253749847412,0.3320387330768833,25.696167082016075,-0.009688141755759716,6.543141600529355,0.13308066897000737
38,33.84542025427624,0.202929855602718,28.279903411865234,1.2318652868270874,0.5586392879486084,1.9936257600784302,9.890952110290527,1.341024398803711,12.702390173883277,1.5423187237852929,27.76110186313559,507.48284912109375,16.391130447387695,4.006572246551514,0.6349799122567966,22.219203509343217,0.03683098778128624,6.859524194897014,0.4860211119992236
39,30.64832966041753,0.2468074317432904,29.80274200439453,1.3057523965835571,0.5091213583946228,2.267122268676758,9.979994773864746,1.3629348278045654,10.628976408463723,0.915154448234779,26.065412276241194,540.3314208984375,16.73869514465332,4.0682692527771,1.0217654877197644,21.44922190231746,0.03536509349942207,6.263263232837329,0.018397751344533114
40,21.786163082303453,-0.23361709262377678,26.966047286987305,1.2179455757141113,0.3711438775062561,1.718769907951355,9.450806617736816,1.3747475147247314,7.9475955191909184,0.09407530316992477,19.82212043484213,519.7319946289062,14.794180870056152,3.7093658447265625,0.41710396046962767,18.58940304219349,-0.03970229625701904,5.534944574220463,-0.6722727272898886
41,37.238657669412504,0.4158007214039082,28.161466598510742,1.1422927379608154,0.5096162557601929,3.5729572772979736,10.02793025970459,1.3744118213653564,18.231498603506235,1.7196309207506233,32.46714382257936,508.0779724121094,20.934955596923828,3.6799566745758057,0.8166867406030469,31.13176618456183,-0.02177732065320015,6.939982471008405,0.7548319033601602
42,25.78773016374587,1.078944956793905,30.905715942382812,1.1739367246627808,0.5067813396453857,2.3492472171783447,10.979376792907715,1.432176113128662,11.90656359074148,0.03752336711741005,24.485810951425247,468.1902770996094,18.653581619262695,3.9889492988586426,0.43360560330509124,23.92447508593137,0.050270188599824905,6.054844708756321,0.050222466204642935
43,36.247228107684414,0.6771262369332707,23.634967803955078,0.9481123685836792,0.5050014853477478,2.1873207092285156,9.969120979309082,1.4440733194351196,19.543698741397108,0.38421834621089485,29.240345850616517,499.0433654785156,24.430936813354492,3.892401695251465,1.4691820655386378,32.66334946395063,0.003868700470775366,6.70236920586928,0.5139237150538857
44,29.502249534576432,0.6556961365395305,27.96476173400879,1.098219633102417,0.3708452880382538,2.0697481632232666,10.411760330200195,1.4098951816558838,13.560807027082465,-0.20014446637715122,20.488528016273012,510.6786804199219,17.194520950317383,3.7928128242492676,-0.24939309504910173,24.819913944840046,-0.044549908488988876,5.300978014664758,-0.3480942883038005
45,24.77403652128874,0.11371120737677219,29.954509735107422,1.107319951057434,0.4055825173854828,1.8339357376098633,10.340975761413574,1.352683186531067,7.205594901832869,-0.42655316764572765,18.579538985237555,456.3018493652344,20.05745506286621,3.7435505390167236,-0.40921163306715586,22.7901617042362,-0.05906207486987114,5.368185359665136,-1.3370192112607755
46,19.676256118425865,0.48100040994083954,26.387046813964844,0.9485598802566528,0.4551789164543152,1.595743179321289,11.29438304901123,1.353356122970581,5.706025633340502,-0.6277319325455608,19.53870416033095,475.85400390625,19.113569259643555,3.756887912750244,-0.4622179249812453,20.20826545259468,0.006189184263348579,4.980006668981956,-0.8415228979005003
47,25.44595956700386,0.7404650662580868,24.504180908203125,0.8821651935577393,0.4442507326602936,1.4220530986785889,10.781352043151855,1.2996150255203247,9.336404525088051,-0.6247152946993871,23.188242394583565,498.9855651855469,18.732067108154297,3.482968807220459,-0.19819528642040016,25.77309918334014,-0.01557852327823639,6.2799309997793396,-0.7993594229323341
48,22.80853419680681,-0.61640052765974,24.762645721435547,1.0123958587646484,0.3213018774986267,2.641934871673584,8.658806800842285,1.154575228691101,18.10067327352891,-0.9804952933926294,29.43040972742541,570.6314086914062,16.474815368652344,3.3947386741638184,-0.5927000695968757,12.02668447928281,-0.05249042436480522,7.098061531226587,-0.3913020304318478
49,29.46993213047961,0.3164689837804261,25.828657150268555,1.052950382232666,0.5673169493675232,2.1746811866760254,10.392409324645996,1.3223212957382202,19.661456630071566,-0.26159359832941564,29.781555359273018,555.3826293945312,19.24135971069336,4.306439399719238,1.6591252853882439,21.448826335220232,0.05161968246102333,7.367894452771728,0.523508319860169
50,47.62631386652274,-2.1487765862718007,17.134050369262695,0.8527359962463379,0.35835960507392883,2.3125460147857666,9.550567626953125,1.3335707187652588,16.161750767641934,1.3151232531314598,31.20449995994568,390.2330627441406,15.73554801940918,3.2296805381774902,-0.7312629876588497,17.772411558429926,-0.04850594326853752,6.195985615381262,-0.1866216940548172
51,25.99428084039048,-0.6214124121141067,24.086111068725586,0.9250425696372986,0.4108734130859375,2.1506614685058594,10.091414451599121,1.2713085412979126,15.328536515387446,0.12002375222362334,29.41009336990325,656.0657348632812,16.122379302978516,3.411743640899658,-0.8071330965610909,9.7118716269333,0.01983410306274891,6.999604941432834,-0.6226423602292234
52,32.771494149963885,-0.4233079684830381,28.42658805847168,1.1802780628204346,0.3893420100212097,1.9479783773422241,9.09889030456543,1.288535475730896,12.19542961150986,0.8712009223578567,27.12016901816091,540.4586181640625,15.131404876708984,3.9606058597564697,-0.15372173658013052,17.537842768486666,0.011594348587095737,6.2946469358441774,-0.5973037756864804
53,13.341597378978806,0.3135985834644619,24.93519401550293,0.7448326349258423,0.23086604475975037,2.0404858589172363,8.317121505737305,1.1656614542007446,6.313700122264756,-1.0952155363431229,22.95311521255737,586.0321044921875,14.265060424804688,3.68988037109375,-2.0760770050875546,0.678847279135166,-0.027314690873026848,5.584921096120686,-1.3320241492032114
54,18.16917780427422,3.330013328281978,30.87024688720703,0.850062906742096,0.4906805157661438,3.2615771293640137,9.300445556640625,1.0921536684036255,17.13495960507566,-1.0582832169822058,29.025115620958935,886.6981811523438,16.002391815185547,4.275360107421875,-0.4773041065458242,0.2828626507978917,0.027320601046085358,7.239595518042906,-0.6417444578792281
55,23.535882375235417,-0.919354954884539,22.542953491210938,0.8136368989944458,0.33161234855651855,2.9483277797698975,9.198064804077148,1.1189106702804565,14.330719026925827,-0.9458378914913294,29.3545769240505,603.0383911132812,15.293523788452148,3.162752628326416,-0.8966858940392457,6.023682456652186,-0.04156280308961868,6.703267644782707,-0.8062239475152855
56,22.75511052442632,0.4148648356392945,26.024524688720703,1.060692310333252,0.30988189578056335,1.937214970588684,9.327460289001465,1.2392083406448364,8.722416884880786,-0.34794777672639343,24.04240104675293,580.9393310546875,14.884163856506348,4.048958778381348,-0.391626972674647,9.271953381570604,0.015860406681895256,6.131204729138464,-0.5881324314005708
57,16.607153225615146,-0.12379724659524514,21.05299949645996,0.7805806398391724,0.31720468401908875,2.1091015338897705,8.786381721496582,1.188513994216919,8.180949697330002,-0.7966798591473472,21.8601533784295,564.5134887695312,13.792312622070312,3.848266839981079,-0.7957818651677188,2.7064701746333784,0.0016564341494813561,5.756055821001621,-0.8563325423260929
58,31.90882821783495,-0.08538925843521382,26.90595817565918,1.0900949239730835,0.4256294369697571,2.938077926635742,9.776910781860352,1.325149416923523,15.01299236234815,0.6887986383420943,28.995514620818774,522.6065063476562,19.59953498840332,4.251993656158447,1.0130707987628282,17.15474820520344,0.1044839546084404,6.670339912896949,1.3066642548262835
59,31.059538005290133,-0.42091766326543373,23.296218872070312,1.0311410427093506,0.4806489646434784,3.94999098777771,10.526876449584961,1.2725251913070679,19.633540326482475,1.0688118793639223,34.29364461031827,563.8331909179688,18.865001678466797,3.8517024517059326,1.5990730707936396,24.587037531457927,0.1157558336853981,7.225452171479799,2.65498179373761
60,30.78758104103217,0.5590755738099363,25.837982177734375,1.114930272102356,0.4567520320415497,2.306945562362671,10.210857391357422,1.411512851715088,12.9312329374329,0.3552638987546785,27.4635389597729,475.2177734375,20.115400314331055,4.237977504730225,1.6617748150551541,23.013617254704275,0.15576738119125366,6.334498319586171,1.1310443776146775
61,20.21891679381632,0.5539731834616962,18.618558883666992,0.7039865255355835,0.27352604269981384,1.6642582416534424,10.04774284362793,1.2817176580429077,7.5108165960608675,-0.8368581242985528,24.64880587096907,428.4079895019531,17.763622283935547,3.5618081092834473,-0.5137847331777801,13.29768011878537,0.14338085055351257,5.892978041508048,0.6652461104508918
62,19.719622866321558,0.584195227245041,17.4827880859375,0.6140397191047668,0.2824070453643799,1.5645248889923096,10.625526428222656,1.2117830514907837,8.195846543127958,-0.9507846680990587,25.326229260518,425.4361877441406,16.90131187438965,3.284299373626709,-1.1326497621236797,13.129827546710239,0.12770719826221466,6.215883345341485,0.6012076881913418
63,13.94595096870632,-0.8605435905751179,14.342272758483887,0.5365034937858582,0.17637692391872406,1.5357316732406616,9.245823860168457,1.1904491186141968,5.213392222931473,-1.2449284249169035,20.51549264531077,397.247314453125,15.025345802307129,3.005357265472412,-2.153655336768182,8.455568302852493,0.08504080772399902,5.661214565249851,-0.32625397147281515
64,18.825063575613523,-0.8546139517666733,15.780950546264648,0.6701806783676147,0.3022691309452057,1.4470075368881226,9.556880950927734,1.1924525499343872,6.877758391192108,-0.8606105048220847,20.73924518913351,421.53118896484375,16.059526443481445,3.401787757873535,-1.5828933812365205,12.031500571465585,0.10680949687957764,5.726312525367045,-0.7548168141753964
65,18.496244261072082,-0.7667813564474105,16.370214462280273,0.6205551028251648,0.29022377729415894,2.0852534770965576,10.0925931930542,1.2132712602615356,7.431713396465689,-1.0671449308497416,22.2304870870839,445.0314025878906,18.385269165039062,3.1674814224243164,-1.55843833197389,14.354972855737635,0.18168200552463531,6.0798510330279,0.8065326034672247
66,28.904406574724383,0.3184863569193354,30.19037628173828,1.3211278915405273,0.354025661945343,2.098658800125122,9.151474952697754,1.3009543418884277,11.944637883901674,0.34049340779140363,24.897594379928876,583.6881713867188,16.197040557861328,4.151171684265137,0.9247122682365928,20.151363640576523,0.006046177353709936,6.153919648834948,-0.20433921678575714
67,26.696388041075743,0.3597420294306635,17.325069427490234,0.7510204315185547,0.36597272753715515,1.3984848260879517,10.286401748657227,1.263268232345581,12.91141467575926,-0.13178600823433534,26.210121251642704,471.0655517578125,16.527477264404297,3.7109007835388184,0.10417420419698406,21.02511818613948,0.11864511668682098,6.651956710502407,0.12584298527168347
68,25.290795314289575,-0.22662487874172896,20.2883358001709,0.8239638805389404,0.38331669569015503,1.2191237211227417,10.002971649169922,1.2270578145980835,11.664858112190538,-0.25888273691695823,23.646540408910706,472.41455078125,14.969955444335938,3.7375495433807373,-0.6228140380862631,18.040416554548184,0.022211939096450806,6.195044978327928,-1.1471996231176396
69,20.727253299262056,-0.4909304096521617,20.637197494506836,0.86887127161026,0.3494621813297272,1.3113129138946533,9.875077247619629,1.2492377758026123,7.999449028602071,-0.340442669300002,20.71567886627472,479.3050537109375,15.153095245361328,3.869187831878662,-0.8112410276630679,14.103571841054857,0.007446024101227522,5.830232875505783,-1.040310406090136
70,19.276689257946334,-1.600281252169781,21.071840286254883,0.8956207633018494,0.3480837941169739,1.4939929246902466,9.611255645751953,1.2619141340255737,6.382920199813253,-0.4915622348508755,17.79707004241549,449.9977722167969,16.690872192382812,3.861640214920044,-1.050028105292386,16.014566652123932,0.034680984914302826,5.557120791295683,-1.1484565227291683
71,27.41604486527108,1.3730913196837295,24.472787857055664,0.8729346990585327,0.43724820017814636,1.6581758260726929,11.243315696716309,1.3006219863891602,13.185495272958333,-0.49900892682793124,27.45368720224123,495.9532470703125,18.68783187866211,3.6922686100006104,0.4894038502617121,24.111977590653574,0.07636681944131851,6.559000839717265,0.15774399469725656
72,23.184201776552246,0.42072534954032664,22.73418426513672,0.7938727736473083,0.3487565517425537,1.4775413274765015,10.667340278625488,1.228506088256836,9.746105978502703,-0.9091916126768579,23.385476626938196,476.7083435058594,18.224355697631836,3.157999038696289,-0.926628691211743,22.466766055123667,0.03783969581127167,6.175321131639141,-0.3285597568528012
73,31.726279589685923,0.5002024261294569,23.675071716308594,1.0612138509750366,0.4290992319583893,1.7422724962234497,9.761068344116211,1.3051289319992065,14.905137071592351,0.6203567346670467,27.695352857763115,466.6869812011719,16.081148147583008,4.099057197570801,1.2831510841158211,22.604300316070844,0.06264873594045639,6.57248444519306,0.36066020275534794
74,27.24407434187435,0.2632831805361802,27.436229705810547,1.25475013256073,0.3144238293170929,2.0509018898010254,9.233316421508789,1.3517780303955078,11.713630650411462,-0.034278028435086545,23.55256875256386,490.04266357421875,16.93439483642578,3.968424081802368,1.1527054553014953,23.348242488292303,0.06152063235640526,5.8749415173734505,-0.08867209841077882
75,43.20458014421124,0.7746661207985106,26.28365707397461,1.1889697313308716,0.5344434976577759,4.035059928894043,10.541321754455566,1.4507620334625244,20.153194505612426,2.0613000871961065,36.03678768680942,510.8613586425781,23.92950439453125,4.396945476531982,1.7773639748401613,31.677483359438362,0.06944797188043594,7.275830653919342,2.051710814827368
76,26.559861869757825,-0.37539920225579915,19.68811798095703,0.8256930708885193,0.33561965823173523,2.130941867828369,10.26850700378418,1.272782564163208,16.679897653239134,-0.65206599934121,29.870715829823585,430.365234375,18.292341232299805,3.4914891719818115,0.5734555533743211,24.921104322702337,0.0829918384552002,6.695418218869589,1.29037173639821
77,26.265768700577404,0.4365981322175557,22.839313507080078,0.8565253615379333,0.3769397735595703,2.14668607711792,10.802932739257812,1.3128210306167603,12.154247243962406,-0.393346682524386,25.447933421664768,468.24652099609375,21.8284854888916,3.456606388092041,0.0443338081919843,28.30264578874792,0.08099864423274994,6.369573505838724,1.0982314732664575
78,33.54020254637462,-0.08160567008854007,33.50151443481445,1.3340226411819458,0.3018258512020111,3.1942086219787598,9.878433227539062,1.3829153776168823,19.430086377424992,0.6229509738800453,29.577450419339268,492.5449523925781,20.08370590209961,3.8620901107788086,0.07644535108620407,31.59743059170644,-0.06530598551034927,6.6935235671372775,0.6074513494175308
79,44.47463972663198,-2.0096595564194826,27.198421478271484,1.3763788938522339,0.33775025606155396,3.822216510772705,8.353789329528809,1.3682416677474976,15.037970568735096,2.359515995116752,29.271813941844535,382.2577819824219,15.057957649230957,3.932114839553833,-0.6664934804043764,26.635186296288435,-0.114081971347332,6.606914098155593,-0.6154805151260476
80,21.25868283006332,-0.5662459331754045,25.171655654907227,1.1248537302017212,0.16575008630752563,1.3453125953674316,7.874016284942627,1.3187812566757202,8.547051908109085,-0.5825966607305051,19.111028261962367,441.2727966308594,14.869897842407227,3.5865519046783447,-0.3026496862952723,19.781267033980324,-0.06486442685127258,5.076428884814586,-1.0725181056700068
81,17.657510500191503,-0.5815332796696023,25.08609390258789,1.0753052234649658,0.21059226989746094,1.3207966089248657,8.740741729736328,1.3445931673049927,7.340305380092322,-0.3564989383202843,17.270777528390944,462.1878967285156,15.815939903259277,3.9396889209747314,-0.3159231451327863,15.368579346320516,-0.04795359447598457,5.086955415403165,-1.157133813892881
82,29.005862789634133,1.000429799450141,31.647968292236328,1.1994929313659668,0.2829992473125458,2.180546283721924,10.480352401733398,1.4090927839279175,14.121503086194311,-0.30752992531256945,22.173458578505954,534.6424560546875,18.276838302612305,4.064913749694824,-0.03975882148837179,26.14432008236822,-0.026015831157565117,5.738599469938661,-0.3545441769844767
83,27.005887853554324,1.7120992181236372,25.87317657470703,0.9879730939865112,0.3833204209804535,1.829878330230713,10.888307571411133,1.3910267353057861,12.129183708635406,-0.39943873931689317,24.78993414453713,487.7821350097656,18.739534378051758,4.167944431304932,0.379973498927472,25.071719263131865,0.04364071041345596,6.059799018644897,-0.35421694090534667
84,30.101069656125865,1.4011747009538669,25.5548095703125,0.9669438600540161,0.35403716564178467,1.6992559432983398,10.476943016052246,1.4003058671951294,11.233943033583637,-0.43476160808133596,23.211214323043823,495.1208190917969,18.520383834838867,4.029444217681885,0.4266077973322853,28.165583837793385,-0.012836364097893238,5.9324781218204645,-0.6492767197872266
85,22.239180804357474,0.5365908344859782,27.298755645751953,0.9683524966239929,0.25607284903526306,1.6194660663604736,9.947007179260254,1.268052101135254,7.488587511652106,-1.186841012054724,20.97337296687135,482.84716796875,17.021434783935547,3.553839921951294,-0.6208332256734296,21.291007892002508,-0.040110278874635696,5.326038868074562,-1.3428086035033573
86,26.941237463605702,-0.9015136501454156,22.466899871826172,0.8745057582855225,0.2474432736635208,2.347435474395752,9.906128883361816,1.1540566682815552,17.92000673350755,-1.0378455143053014,30.590481399087345,530.2833862304688,15.640905380249023,2.808680295944214,0.11931478333479674,21.005230409459568,-0.015309950336813927,6.648510484851475,1.3570126957149315
87,28.216362372802003,0.6985207776210083,23.014646530151367,0.9168063998222351,0.4291917681694031,2.2286314964294434,10.621681213378906,1.3665084838867188,16.036981153872556,0.07766626434220299,29.590726969956684,502.6218566894531,23.1833553314209,3.513082981109619,0.7841785001568686,32.9707578685479,0.0491044782102108,6.664652427656717,1.1004434006133
88,25.614390270078214,-0.025982105035565962,21.58932113647461,0.8971413373947144,0.5096412897109985,1.6547904014587402,10.312250137329102,1.2620646953582764,13.889179022273673,-0.324020794287385,25.513722375122427,518.1216430664062,17.33805274963379,4.0868072509765625,0.8203263361250163,16.57284289243092,0.042460232973098755,6.818774002770104,-0.12784790850290503
89,28.37750550834851,0.4937066146379367,25.244159698486328,1.143589735031128,0.3764922618865967,1.6031174659729004,9.637201309204102,1.3425921201705933,12.653007179932933,0.3830497587096193,24.51322962108411,531.441650390625,16.09076499938965,4.062277793884277,1.0748009854977203,23.92114916250935,0.016528716310858727,6.317280238797198,-0.3357092053380208
90,36.53271278088468,-0.601339856692096,32.84000015258789,1.4666589498519897,0.43751227855682373,1.9680176973342896,9.59687328338623,1.383600115776062,14.483978709930064,1.9632451957155495,27.766219614189623,485.6087646484375,16.041095733642578,4.29233980178833,0.341162127299047,24.63413120668843,0.029482992365956306,6.387121458617591,-0.42036839145120736
91,43.02773427130295,-1.488409485856471,26.097198486328125,1.2672874927520752,0.4460620880126953,3.1055328845977783,9.15876579284668,1.4049023389816284,16.13848029870039,2.2029140125084092,28.509593316686082,453.3122863769531,17.040035247802734,3.9978528022766113,0.30975164696013924,25.765144498632438,-0.024523071944713593,6.5483869087434075,0.29276780542319397
92,37.0569815916212,0.32135246631091036,26.84920310974121,1.1708422899246216,0.4739752411842346,2.030123472213745,10.192330360412598,1.3085319995880127,17.78900602627956,1.4400618912386214,30.07800321628393,508.4945068359375,16.32127571105957,4.071409702301025,1.2451980624037826,24.053490779785154,0.07036615163087845,7.1157688296286485,0.6169965658746714
93,35.283583934673125,0.8197406539854982,29.55998992919922,1.1249738931655884,0.44782888889312744,3.3421244621276855,10.342187881469727,1.3632780313491821,17.41851322402916,0.8634233538192488,31.4377940627169,539.0526123046875,20.820846557617188,3.871697425842285,0.5055452668126916,29.76110885159328,0.020036298781633377,7.025454678015596,0.7636289405782224
94,25.776115462783224,0.6747501045374247,27.57350730895996,1.035688042640686,0.4241023361682892,2.0972299575805664,10.841355323791504,1.363614559173584,12.091437681230683,-0.19213712931183824,26.350191074347347,437.62847900390625,20.279821395874023,4.249919891357422,0.2818058387585771,23.402340734192997,0.06248348578810692,6.086091314861494,-0.3708834227287258
95,36.513586690413184,0.645106974532048,21.749114990234375,0.9063030481338501,0.4777786135673523,1.9997094869613647,10.151577949523926,1.4517513513565063,19.187099451484265,0.29488039228662577,28.660419384058375,446.3739013671875,23.574148178100586,3.870755672454834,1.3372962470707401,32.39666394751802,0.015205993317067623,6.733830496413119,0.24481691470797276
96,25.267759274392773,-0.029961764472245533,29.670581817626953,1.0862821340560913,0.3108474016189575,1.7331045866012573,9.893533706665039,1.3045636415481567,7.41572648681338,-0.65759512029663,18.941043337372733,460.6207275390625,18.507722854614258,3.5087990760803223,-0.44368537859049884,23.776232741203987,-0.09751643240451813,5.398219668914323,-1.6184203368008045
97,27.624465709779088,1.0618782309959531,24.57917022705078,0.8609270453453064,0.4044108986854553,1.3287285566329956,10.669778823852539,1.3033770322799683,10.936090155290726,-0.6702680968550171,24.166827151087485,491.5308837890625,19.02458381652832,3.6710495948791504,-0.09642277793204078,27.54624780697594,-0.02041287161409855,6.417761230809424,-0.8255829984258101
98,21.6858961297767,-1.8791646413510872,25.591306686401367,1.1098408699035645,0.3007933795452118,2.935856819152832,9.162848472595215,1.1167395114898682,18.065149506697168,-1.1741010182763087,29.79949380256034,612.9950561523438,14.972589492797852,2.972174882888794,-0.3333942728818903,13.29846009110239,-0.0801037847995758,7.110122075949202,-0.7544000144018461
99,28.820803092817098,0.03127658956203193,27.294246673583984,1.0871021747589111,0.4859803020954132,2.312291383743286,10.358899116516113,1.2523223161697388,19.840741833072883,-0.5611034036425798,30.040661367810205,580.823486328125,17.273120880126953,3.863344430923462,1.2828037189996666,21.70866095013436,0.02561325766146183,7.3208494827512975,0.4875082244051428
